{
    "version": "v1",
    "timestamp": "2026-03-14T15:11:06.327386",
    "metrics": {
        "accuracy": 0.8175,
        "precision": 0.83984375,
        "recall": 0.8704453441295547,
        "roc_auc": 0.8966023656426133
    }
}